Model,R2,RMSE
Linear Regression,0.2744042240495833,17.847997013280626
Decision Tree,0.22810150839327248,18.408661324869602
Random Forest,0.2178310277081612,18.530724685031196
